Delta,Time,CORE0_ENERGY (J),CORE0_FREQ (MHZ),CORE0_PSTATE,CORE0_VOLT (V),CPU_ENERGY (J),CPU_FREQUENCY_0,CPU_FREQUENCY_1,CPU_FREQUENCY_10,CPU_FREQUENCY_11,CPU_FREQUENCY_12,CPU_FREQUENCY_13,CPU_FREQUENCY_14,CPU_FREQUENCY_15,CPU_FREQUENCY_2,CPU_FREQUENCY_3,CPU_FREQUENCY_4,CPU_FREQUENCY_5,CPU_FREQUENCY_6,CPU_FREQUENCY_7,CPU_FREQUENCY_8,CPU_FREQUENCY_9,CPU_USAGE_0,CPU_USAGE_1,CPU_USAGE_10,CPU_USAGE_11,CPU_USAGE_12,CPU_USAGE_13,CPU_USAGE_14,CPU_USAGE_15,CPU_USAGE_2,CPU_USAGE_3,CPU_USAGE_4,CPU_USAGE_5,CPU_USAGE_6,CPU_USAGE_7,CPU_USAGE_8,CPU_USAGE_9,TOTAL_MEMORY,TOTAL_SWAP,USED_MEMORY,USED_SWAP
0,1740626196090,57333.86242675781,5125,0,0.08125000000000004,416309.1160736084,3040,3040,3801,3040,3040,3040,3040,3040,3040,3040,3040,3040,3040,3040,3040,3040,24.594253540039063,21.486557006835938,76.56095886230469,20.99298095703125,30.274375915527344,21.15045166015625,28.44231414794922,21.78760528564453,32.204368591308594,51.23692321777344,43.84978103637695,29.84630584716797,55.227237701416016,45.46086120605469,24.241600036621094,21.735992431640625,64091443200,4026531840,8303874048,0
189,1740626196100,57871.168869018555,5075,0,0.06874999999999987,416309.74534606934,3040,3040,3801,3040,3040,3040,3040,3040,3040,3040,3040,3040,3040,3040,3040,3040,6.054374694824219,0.6347732543945313,73.3401870727539,10.52423095703125,41.1267204284668,0,10.045143127441406,5.281349182128906,3.8735504150390625,54.271183013916016,12.688224792480469,3.94207763671875,69.114990234375,13.705299377441406,1.0375137329101563,9.740982055664063,64091443200,4026531840,8313950208,0
4,1740626196290,57334.88299560547,5125,0,0.08125000000000004,416312.9939727783,3040,3040,3801,3040,3040,3040,3040,3040,3040,3040,3040,3040,3040,3040,3040,3040,4.3889923095703125,0.743865966796875,28.424087524414063,5.860313415527344,1.8732376098632813,6.019096374511719,2.2655715942382813,4.896995544433594,5.4538726806640625,6.445343017578125,0,0.2301025390625,10.595611572265625,10.881477355957031,0,0.11647796630859375,64091443200,4026531840,8309108736,0
