Delta,Time,CORE0_ENERGY (J),CORE0_FREQ (MHZ),CORE0_PSTATE,CORE0_VOLT (V),CPU_ENERGY (J),CPU_FREQUENCY_0,CPU_FREQUENCY_1,CPU_FREQUENCY_10,CPU_FREQUENCY_11,CPU_FREQUENCY_12,CPU_FREQUENCY_13,CPU_FREQUENCY_14,CPU_FREQUENCY_15,CPU_FREQUENCY_2,CPU_FREQUENCY_3,CPU_FREQUENCY_4,CPU_FREQUENCY_5,CPU_FREQUENCY_6,CPU_FREQUENCY_7,CPU_FREQUENCY_8,CPU_FREQUENCY_9,CPU_USAGE_0,CPU_USAGE_1,CPU_USAGE_10,CPU_USAGE_11,CPU_USAGE_12,CPU_USAGE_13,CPU_USAGE_14,CPU_USAGE_15,CPU_USAGE_2,CPU_USAGE_3,CPU_USAGE_4,CPU_USAGE_5,CPU_USAGE_6,CPU_USAGE_7,CPU_USAGE_8,CPU_USAGE_9,TOTAL_MEMORY,TOTAL_SWAP,USED_MEMORY,USED_SWAP
0,1740625710790,57291.78141784668,5100,0,0.08749999999999991,414671.7127685547,3040,3040,3801,3040,3040,3040,3040,3040,3040,3040,3040,3040,3040,3040,3040,3040,34.70055389404297,30.88628387451172,75.80118560791016,31.739044189453125,44.41323471069336,30.936233520507813,35.107391357421875,30.71977996826172,63.262367248535156,34.70634460449219,40.93196105957031,58.38394546508789,52.06929397583008,54.35539627075195,33.7037353515625,29.8626708984375,64091443200,4026531840,8311414784,0
190,1740625710800,57815.40625,5100,0,0.07499999999999996,414672.3501281738,3040,3040,3801,3040,3040,3040,3040,3040,3040,3040,3040,3040,3040,3040,3040,3040,0,0,74.90440368652344,3.1332168579101563,34.163490295410156,0,0,0,3.4935455322265625,46.434715270996094,6.576118469238281,0,72.10553741455078,5.578239440917969,4.172645568847656,0,64091443200,4026531840,8314363904,0
4,1740625710991,57292.70719909668,5125,0,0.07499999999999996,414675.40699768066,3040,3040,3801,3040,3040,3040,3040,3040,3040,3040,3040,3040,3040,3040,3040,3040,4.4438018798828125,0.6856689453125,18.725189208984375,9.583351135253906,2.06268310546875,7.150482177734375,2.5843887329101563,0,6.876029968261719,6.170249938964844,0,6.084434509277344,14.436660766601563,12.551933288574219,0.5124282836914063,0,64091443200,4026531840,8312356864,0
