Delta,Time,CORE0_ENERGY (J),CORE0_FREQ (MHZ),CORE0_PSTATE,CORE0_VOLT (V),CPU_ENERGY (J),CPU_FREQUENCY_0,CPU_FREQUENCY_1,CPU_FREQUENCY_10,CPU_FREQUENCY_11,CPU_FREQUENCY_12,CPU_FREQUENCY_13,CPU_FREQUENCY_14,CPU_FREQUENCY_15,CPU_FREQUENCY_2,CPU_FREQUENCY_3,CPU_FREQUENCY_4,CPU_FREQUENCY_5,CPU_FREQUENCY_6,CPU_FREQUENCY_7,CPU_FREQUENCY_8,CPU_FREQUENCY_9,CPU_USAGE_0,CPU_USAGE_1,CPU_USAGE_10,CPU_USAGE_11,CPU_USAGE_12,CPU_USAGE_13,CPU_USAGE_14,CPU_USAGE_15,CPU_USAGE_2,CPU_USAGE_3,CPU_USAGE_4,CPU_USAGE_5,CPU_USAGE_6,CPU_USAGE_7,CPU_USAGE_8,CPU_USAGE_9,TOTAL_MEMORY,TOTAL_SWAP,USED_MEMORY,USED_SWAP
0,1740627955376,57562.900787353516,5125,0,0.07499999999999996,422409.0252227783,3040,3040,3801,3040,3040,3040,3040,3040,3040,3040,3040,3040,3040,3040,3040,3040,0,0,57.65189743041992,0,0,0,0,0,28.500808715820313,14.241004943847656,0,0,58.97569274902344,0,0,0,64091443200,4026531840,8320557056,0
190,1740627955387,57562.970703125,5100,0,0.0625,422409.5083465576,3040,3040,3801,3040,3040,3040,3040,3040,3040,3040,3040,3040,3040,3040,3040,3040,21.491615295410156,15.304298400878906,89.9655532836914,13.859413146972656,35.868324279785156,14.05316162109375,20.62164306640625,14.110145568847656,24.827781677246094,65.1801986694336,14.775604248046875,13.925262451171875,98.62982177734375,13.893600463867188,14.284896850585938,13.872711181640625,64091443200,4026531840,8320708608,0
4,1740627955577,57563.68197631836,5125,0,0.07499999999999996,422412.36796569824,3040,3040,3801,3040,3040,3040,3040,3040,3040,3040,3040,3040,3040,3040,3040,3040,2.7122344970703125,0.9644927978515625,33.96764373779297,3.3517608642578125,7.492408752441406,4.435783386230469,5.699554443359375,4.663330078125,12.72772216796875,10.95098876953125,2.4562149047851563,1.8327560424804688,17.547950744628906,12.939559936523438,3.3722763061523438,2.11590576171875,64091443200,4026531840,8322072576,0
