Delta,Time,CORE0_ENERGY (J),CORE0_FREQ (MHZ),CORE0_PSTATE,CORE0_VOLT (V),CPU_ENERGY (J),CPU_FREQUENCY_0,CPU_FREQUENCY_1,CPU_FREQUENCY_10,CPU_FREQUENCY_11,CPU_FREQUENCY_12,CPU_FREQUENCY_13,CPU_FREQUENCY_14,CPU_FREQUENCY_15,CPU_FREQUENCY_2,CPU_FREQUENCY_3,CPU_FREQUENCY_4,CPU_FREQUENCY_5,CPU_FREQUENCY_6,CPU_FREQUENCY_7,CPU_FREQUENCY_8,CPU_FREQUENCY_9,CPU_USAGE_0,CPU_USAGE_1,CPU_USAGE_10,CPU_USAGE_11,CPU_USAGE_12,CPU_USAGE_13,CPU_USAGE_14,CPU_USAGE_15,CPU_USAGE_2,CPU_USAGE_3,CPU_USAGE_4,CPU_USAGE_5,CPU_USAGE_6,CPU_USAGE_7,CPU_USAGE_8,CPU_USAGE_9,TOTAL_MEMORY,TOTAL_SWAP,USED_MEMORY,USED_SWAP
0,1740626256747,57341.16589355469,5125,0,0.08125000000000004,416514.4529876709,3040,3040,3801,3040,3040,3040,3040,3040,3040,3040,3040,3040,3040,3040,3040,3040,0,0,48.23332214355469,0,0,0,0,0,25.69715118408203,12.163505554199219,0,0,0,2.3963165283203125,0,0,64091443200,4026531840,8312614912,0
190,1740626256758,57341.23342895508,4800,0,0.23750000000000004,416514.91828918457,3040,3040,3801,3040,3040,3040,3040,3040,3040,3040,3040,3040,3040,3040,3040,3040,14.515586853027344,10.660362243652344,89.47505187988281,10.815483093261719,25.241432189941406,12.456367492675781,36.754337310791016,10.517951965332031,23.382476806640625,72.13289642333984,11.091400146484375,18.320587158203125,98.1493148803711,10.551010131835938,11.133995056152344,10.61395263671875,64091443200,4026531840,8313221120,0
4,1740626256949,38008.76843261719,5100,0,0.07499999999999996,416517.41886901855,3040,3040,3801,3040,3040,3040,3040,3040,3040,3040,3040,3040,3040,3040,3040,3040,2.9083175659179688,1.5618209838867188,22.797019958496094,13.430870056152344,8.739997863769531,5.710693359375,6.8192901611328125,3.3511886596679688,11.927223205566406,11.720863342285156,3.3956527709960938,3.3603591918945313,19.11688232421875,11.892494201660156,2.44061279296875,2.3212203979492188,64091443200,4026531840,8309186560,0
