Delta,Time,CORE0_ENERGY (J),CORE0_FREQ (MHZ),CORE0_PSTATE,CORE0_VOLT (V),CPU_ENERGY (J),CPU_FREQUENCY_0,CPU_FREQUENCY_1,CPU_FREQUENCY_10,CPU_FREQUENCY_11,CPU_FREQUENCY_12,CPU_FREQUENCY_13,CPU_FREQUENCY_14,CPU_FREQUENCY_15,CPU_FREQUENCY_2,CPU_FREQUENCY_3,CPU_FREQUENCY_4,CPU_FREQUENCY_5,CPU_FREQUENCY_6,CPU_FREQUENCY_7,CPU_FREQUENCY_8,CPU_FREQUENCY_9,CPU_USAGE_0,CPU_USAGE_1,CPU_USAGE_10,CPU_USAGE_11,CPU_USAGE_12,CPU_USAGE_13,CPU_USAGE_14,CPU_USAGE_15,CPU_USAGE_2,CPU_USAGE_3,CPU_USAGE_4,CPU_USAGE_5,CPU_USAGE_6,CPU_USAGE_7,CPU_USAGE_8,CPU_USAGE_9,TOTAL_MEMORY,TOTAL_SWAP,USED_MEMORY,USED_SWAP
0,1740627773379,57502.94950866699,5100,0,0.08749999999999991,421680.3178253174,3040,3040,3801,3040,3040,3040,3040,3040,3040,3040,3040,3040,3040,3040,3040,3040,0,0,57.938594818115234,0,9.720367431640625,0,0,0,43.71426773071289,30.53870391845703,0,0,3.4315261840820313,19.81690216064453,0,0,64091443200,4026531840,8325181440,0
190,1740627773389,57503.163497924805,5100,0,0.07499999999999996,421680.9394683838,3040,3040,3801,3040,3040,3040,3040,3040,3040,3040,3040,3040,3040,3040,3040,3040,0,0,68.13594818115234,7.1047821044921875,36.61557388305664,0,3.0637435913085938,1.3084793090820313,9.63238525390625,45.41000747680664,6.7092437744140625,0,74.20344543457031,7.540946960449219,10.236640930175781,0.389923095703125,64091443200,4026531840,8325091328,0
4,1740627773580,38051.47378540039,5100,0,0.07499999999999996,421684.29167175293,3040,3040,3801,3040,3040,3040,3040,3040,3040,3040,3040,3040,3040,3040,3040,3040,2.7884979248046875,1.9363632202148438,23.337135314941406,11.72222900390625,10.996421813964844,4.76629638671875,6.39208984375,4.2069854736328125,10.069725036621094,13.749130249023438,3.3245391845703125,2.7645492553710938,14.093460083007813,13.454994201660156,3.3649215698242188,2.24395751953125,64091443200,4026531840,8325804032,0
