Delta,Time,CORE0_ENERGY (J),CORE0_FREQ (MHZ),CORE0_PSTATE,CORE0_VOLT (V),CPU_ENERGY (J),CPU_FREQUENCY_0,CPU_FREQUENCY_1,CPU_FREQUENCY_2,CPU_FREQUENCY_3,CPU_FREQUENCY_4,CPU_FREQUENCY_5,CPU_FREQUENCY_6,CPU_FREQUENCY_7,CPU_USAGE_0,CPU_USAGE_1,CPU_USAGE_2,CPU_USAGE_3,CPU_USAGE_4,CPU_USAGE_5,CPU_USAGE_6,CPU_USAGE_7,TOTAL_MEMORY,TOTAL_SWAP,USED_MEMORY,USED_SWAP
0,1740622152839,716.6956939697266,1400,2,0.7,17368.564010620117,1400,1400,1400,1400,1400,1400,1400,1400,34.50171661376953,13.204757690429688,32.82421112060547,5.347450256347656,20.702194213867188,37.15461349487305,54.59920120239258,9.355377197265625,14964924416,11811160064,11695865856,200835072
199,1740622152840,1486.8531951904297,1400,2,0.7,17368.598388671875,1400,1400,1400,1400,1400,1400,1400,1400,52.72725296020508,13.973739624023438,92.85464477539063,13.091819763183594,32.57206726074219,37.5266227722168,99.27406311035156,3.19171142578125,14964924416,11811160064,11696033792,201662464
196,1740622153043,1450.5662689208984,1400,2,0.7,17369.29231262207,1400,1400,1400,1400,1400,1400,1400,1400,48.693058013916016,35.066680908203125,85.10403442382813,29.44647216796875,56.331298828125,32.17543029785156,51.05242919921875,44.99057388305664,14964924416,11811160064,11696308224,229085184
200,1740622153240,1450.6004638671875,1400,2,0.7,17369.84765625,1400,1400,1400,1400,1400,1400,1400,1400,47.8099365234375,13.519554138183594,32.04387664794922,21.64727783203125,25.511016845703125,17.24201202392578,71.65135955810547,31.859893798828125,14964924416,11811160064,11706908672,240775168
