Delta,Time,CORE0_ENERGY (J),CORE0_FREQ (MHZ),CORE0_PSTATE,CORE0_VOLT (V),CPU_ENERGY (J),CPU_FREQUENCY_0,CPU_FREQUENCY_1,CPU_FREQUENCY_2,CPU_FREQUENCY_3,CPU_FREQUENCY_4,CPU_FREQUENCY_5,CPU_FREQUENCY_6,CPU_FREQUENCY_7,CPU_USAGE_0,CPU_USAGE_1,CPU_USAGE_2,CPU_USAGE_3,CPU_USAGE_4,CPU_USAGE_5,CPU_USAGE_6,CPU_USAGE_7,TOTAL_MEMORY,TOTAL_SWAP,USED_MEMORY,USED_SWAP
0,1740621212340,1231.0015411376953,1400,2,1.2875,14661.495483398438,1400,1400,1400,1400,1400,1400,1400,1400,90.35588073730469,89.20947265625,87.82792663574219,93.59333038330078,87.65669250488281,88.82459259033203,90.57339477539063,93.72781372070313,14964924416,11811160064,11702464512,159277056
198,1740621212342,1260.2518768310547,1400,2,1.2875,14661.608047485352,1400,1400,1400,1400,1400,1400,1400,1400,97.08975219726563,98.65666961669922,86.1153793334961,100,99.11868286132813,99.13944244384766,87.97883605957031,100,14964924416,11811160064,11695595520,161431552
196,1740621212545,1260.322265625,1400,2,1.2875,14662.426544189453,1400,1400,1400,1400,1400,1400,1400,1400,78.91072845458984,90.30097961425781,81.00118255615234,93.48272705078125,85.01083374023438,81.42495727539063,91.04806518554688,81.66825866699219,14964924416,11811160064,11696586752,209874944
200,1740621212742,1231.1507873535156,1400,2,1.2875,14663.274597167969,1400,1400,1400,1400,1400,1400,1400,1400,90.47064971923828,74.61874389648438,84.80094146728516,84.57232666015625,85.96636199951172,85.89476013183594,89.37693786621094,88.3758773803711,14964924416,11811160064,11661000704,198029312
