Delta,Time,CORE0_ENERGY (J),CORE0_FREQ (MHZ),CORE0_PSTATE,CORE0_VOLT (V),CPU_ENERGY (J),CPU_FREQUENCY_0,CPU_FREQUENCY_1,CPU_FREQUENCY_2,CPU_FREQUENCY_3,CPU_FREQUENCY_4,CPU_FREQUENCY_5,CPU_FREQUENCY_6,CPU_FREQUENCY_7,CPU_USAGE_0,CPU_USAGE_1,CPU_USAGE_2,CPU_USAGE_3,CPU_USAGE_4,CPU_USAGE_5,CPU_USAGE_6,CPU_USAGE_7,TOTAL_MEMORY,TOTAL_SWAP,USED_MEMORY,USED_SWAP
0,1740624600738,1545.8386993408203,1400,2,1.24375,24509.050567626953,1400,1400,1400,1400,1400,1400,1400,1400,23.640823364257813,9.752655029296875,30.284683227539063,50.30754470825195,22.906936645507813,45.88077926635742,17.06330108642578,16.200843811035156,14964924416,11811160064,11825594368,193617920
199,1740624600740,2090.083297729492,1400,2,1.24375,24509.084564208984,1400,1400,1400,1400,1400,1400,1400,1400,59.59658432006836,29.49089813232422,30.420211791992188,83.19865417480469,60.8134880065918,31.82170867919922,30.649169921875,85.17611694335938,14964924416,11811160064,11825524736,194670592
193,1740624600947,1545.892318725586,1400,2,1.24375,24509.75910949707,1400,1400,1400,1400,1400,1400,1400,1400,51.7750129699707,45.9433479309082,83.85816955566406,32.322113037109375,50.9754638671875,42.960147857666016,43.52097702026367,40.65451431274414,14964924416,11811160064,11826319360,228298752
198,1740624601142,2090.206298828125,1400,2,1.24375,24510.434646606445,1400,1400,1400,1400,1400,1400,1400,1400,73.68966674804688,32.9534912109375,60.24656295776367,62.36379623413086,56.306766510009766,54.681365966796875,59.70697021484375,62.28902053833008,14964924416,11811160064,11824267264,231411712
199,1740624601341,2035.1996307373047,1400,2,1.24375,24511.045852661133,1400,1400,1400,1400,1400,1400,1400,1400,37.437339782714844,47.87429428100586,44.75483322143555,34.94727325439453,36.3812370300293,23.39171600341797,31.36292266845703,36.26483154296875,14964924416,11811160064,11836895232,283373568
