Delta,Time,CPU_FREQUENCY_0,CPU_FREQUENCY_1,CPU_FREQUENCY_2,CPU_FREQUENCY_3,CPU_FREQUENCY_4,CPU_FREQUENCY_5,CPU_FREQUENCY_6,CPU_FREQUENCY_7,CPU_USAGE_0,CPU_USAGE_1,CPU_USAGE_2,CPU_USAGE_3,CPU_USAGE_4,CPU_USAGE_5,CPU_USAGE_6,CPU_USAGE_7,DRAM_ENERGY (J),PACKAGE_ENERGY (J),PP0_ENERGY (J),PP1_ENERGY (J),TOTAL_MEMORY,TOTAL_SWAP,USED_MEMORY,USED_SWAP
0,1740057023289,1609,1609,1609,1609,1609,1609,1609,1609,80.34160614013672,31.34119415283203,89.06839752197266,39.71058654785156,35.40796661376953,43.423606872558594,67.37770080566406,36.509647369384766,3135.50146484375,23373.497924804688,18117.022094726563,117.45489501953125,16883044352,34359738368,12530991104,0
199,1740057023290,1609,1609,1609,1609,1609,1609,1609,1609,47.27401351928711,51.87053680419922,91.43247985839844,35.48390197753906,98.76197052001953,51.552188873291016,100,100,3135.510986328125,23373.545837402344,18117.06121826172,117.45489501953125,16883044352,34359738368,12530880512,0
199,1740057023490,1609,1609,1609,1609,1609,1609,1609,1609,15.35162353515625,15.665519714355469,42.78150939941406,10.962913513183594,33.25060272216797,12.425186157226563,18.416748046875,34.431182861328125,3135.6802368164063,23375.800903320313,18119.074951171875,117.45489501953125,16883044352,34359738368,12546375680,0
200,1740057023690,1609,1609,1609,1609,1609,1609,1609,1609,3.0473098754882813,6.9154510498046875,15.467994689941406,3.0073165893554688,5.498626708984375,8.095123291015625,2.9947433471679688,69.1318130493164,3135.7870483398438,23377.346252441406,18120.29248046875,117.455810546875,16883044352,34359738368,12566917120,0
9,1740057023891,1609,1609,1609,1609,1609,1609,1609,1609,7.261749267578125,0,12.107269287109375,5.064002990722656,2.9721450805664063,2.38958740234375,0.5821456909179688,0,3135.8629150390625,23377.610229492188,18120.39764404297,117.455810546875,16883044352,34359738368,12535422976,0
