Delta,Time,CPU_FREQUENCY_0,CPU_FREQUENCY_1,CPU_FREQUENCY_2,CPU_FREQUENCY_3,CPU_FREQUENCY_4,CPU_FREQUENCY_5,CPU_FREQUENCY_6,CPU_FREQUENCY_7,CPU_USAGE_0,CPU_USAGE_1,CPU_USAGE_2,CPU_USAGE_3,CPU_USAGE_4,CPU_USAGE_5,CPU_USAGE_6,CPU_USAGE_7,DRAM_ENERGY (J),PACKAGE_ENERGY (J),PP0_ENERGY (J),PP1_ENERGY (J),TOTAL_MEMORY,TOTAL_SWAP,USED_MEMORY,USED_SWAP
0,1740057120087,1609,1609,1609,1609,1609,1609,1609,1609,47.72977066040039,38.75657653808594,93.2558822631836,22.198570251464844,23.76879119873047,22.099891662597656,76.5677490234375,12.906936645507813,3197.0712890625,23890.018432617188,18527.327270507813,119.56011962890625,16883044352,34359738368,12515823616,0
199,1740057120089,1609,1609,1609,1609,1609,1609,1609,1609,77.24004364013672,31.06634521484375,97.58126068115234,39.76982498168945,61.17823791503906,16.997817993164063,78.1093978881836,51.307579040527344,3197.0816040039063,23890.065856933594,18527.35906982422,119.56011962890625,16883044352,34359738368,12515835904,0
198,1740057120290,1609,1609,1609,1609,1609,1609,1609,1609,16.470664978027344,28.088531494140625,38.913909912109375,30.3531494140625,36.20236587524414,37.30322265625,56.98288345336914,16.101539611816406,3197.180908203125,23890.588134765625,18527.671875,119.56011962890625,16883044352,34359738368,12516511744,0
200,1740057120489,1609,1609,1609,1609,1609,1609,1609,1609,29.967178344726563,16.861907958984375,52.52338790893555,18.781005859375,24.751480102539063,18.430091857910156,17.509971618652344,47.010337829589844,3197.3294067382813,23892.57861328125,18529.405700683594,119.56011962890625,16883044352,34359738368,12536066048,0
5,1740057120689,1609,1609,1609,1609,1609,1609,1609,1609,19.502891540527344,1.5407943725585938,16.109886169433594,1.8072738647460938,3.75653076171875,23.899948120117188,11.131996154785156,11.264762878417969,3197.4298706054688,23893.90264892578,18530.452514648438,119.56011962890625,16883044352,34359738368,12507095040,0
