Delta,Time,CPU_FREQUENCY_0,CPU_FREQUENCY_1,CPU_FREQUENCY_2,CPU_FREQUENCY_3,CPU_FREQUENCY_4,CPU_FREQUENCY_5,CPU_FREQUENCY_6,CPU_FREQUENCY_7,CPU_USAGE_0,CPU_USAGE_1,CPU_USAGE_2,CPU_USAGE_3,CPU_USAGE_4,CPU_USAGE_5,CPU_USAGE_6,CPU_USAGE_7,DRAM_ENERGY (J),PACKAGE_ENERGY (J),PP0_ENERGY (J),PP1_ENERGY (J),TOTAL_MEMORY,TOTAL_SWAP,USED_MEMORY,USED_SWAP
0,1740056951775,1609,1609,1609,1609,1609,1609,1609,1609,83.07855224609375,96.9533920288086,79.01194763183594,91.63833618164063,84.36627197265625,76.52486419677734,75.87164306640625,83.37483215332031,3075.63232421875,22927.58514404297,17765.560302734375,113.65673828125,16883044352,34359738368,12552474624,0
199,1740056951775,1609,1609,1609,1609,1609,1609,1609,1609,91.585205078125,93.94600677490234,88.3857650756836,95.68529510498047,97.23848724365234,98.38353729248047,85.75947570800781,83.8477554321289,3075.6505737304688,22927.77227783203,17765.728393554688,113.66644287109375,16883044352,34359738368,12562817024,0
199,1740056951975,1609,1609,1609,1609,1609,1609,1609,1609,21.56102752685547,20.765586853027344,47.2452278137207,22.707725524902344,20.410781860351563,22.642799377441406,21.051162719726563,43.7523193359375,3075.860107421875,22930.33837890625,17767.951904296875,113.69354248046875,16883044352,34359738368,12572585984,0
199,1740056952176,1609,1609,1609,1609,1609,1609,1609,1609,2.209808349609375,5.133331298828125,7.0584564208984375,10.538383483886719,7.990501403808594,5.45269775390625,22.560012817382813,55.2562370300293,3075.9649047851563,22931.971740722656,17769.26239013672,113.69354248046875,16883044352,34359738368,12602961920,0
10,1740056952376,1609,1609,1609,1609,1609,1609,1609,1609,3.5067901611328125,20.468589782714844,16.011474609375,12.566490173339844,20.445960998535156,5.285064697265625,4.924407958984375,2.4582672119140625,3076.057373046875,22932.303955078125,17769.39892578125,113.6961669921875,16883044352,34359738368,12581453824,0
