Delta,Time,CPU_FREQUENCY_0,CPU_FREQUENCY_1,CPU_FREQUENCY_2,CPU_FREQUENCY_3,CPU_FREQUENCY_4,CPU_FREQUENCY_5,CPU_FREQUENCY_6,CPU_FREQUENCY_7,CPU_USAGE_0,CPU_USAGE_1,CPU_USAGE_2,CPU_USAGE_3,CPU_USAGE_4,CPU_USAGE_5,CPU_USAGE_6,CPU_USAGE_7,DRAM_ENERGY (J),PACKAGE_ENERGY (J),PP0_ENERGY (J),PP1_ENERGY (J),TOTAL_MEMORY,TOTAL_SWAP,USED_MEMORY,USED_SWAP
0,1740621294516,1609,1609,1609,1609,1609,1609,1609,1609,42.46887969970703,36.79114532470703,89.8705062866211,34.57530212402344,67.25394439697266,44.25892639160156,31.837081909179688,78.20901489257813,5647.547058105469,22706.098388671875,16835.390380859375,21.3575439453125,16883044352,34359738368,6675156992,0
198,1740621294519,1609,1609,1609,1609,1609,1609,1609,1609,34.213096618652344,39.9843864440918,92.41182708740234,10.774734497070313,96.6444091796875,18.543304443359375,98.7553939819336,52.294795989990234,5647.558532714844,22706.142944335938,16835.42578125,21.357666015625,16883044352,34359738368,6675206144,0
200,1740621294718,1609,1609,1609,1609,1609,1609,1609,1609,4.6031494140625,12.983749389648438,51.17877960205078,7.321319580078125,26.55756378173828,16.778053283691406,17.43377685546875,29.539344787597656,5647.713073730469,22708.073120117188,16837.190795898438,21.35772705078125,16883044352,34359738368,6716108800,0
10,1740621294918,1609,1609,1609,1609,1609,1609,1609,1609,6.522224426269531,10.997459411621094,25.56708526611328,4.284393310546875,6.9186553955078125,4.747184753417969,12.654922485351563,18.041404724121094,5647.82177734375,22708.923889160156,16837.820373535156,21.35772705078125,16883044352,34359738368,6674051072,0
