Delta,Time,CPU_FREQUENCY_0,CPU_FREQUENCY_1,CPU_FREQUENCY_2,CPU_FREQUENCY_3,CPU_FREQUENCY_4,CPU_FREQUENCY_5,CPU_FREQUENCY_6,CPU_FREQUENCY_7,CPU_USAGE_0,CPU_USAGE_1,CPU_USAGE_2,CPU_USAGE_3,CPU_USAGE_4,CPU_USAGE_5,CPU_USAGE_6,CPU_USAGE_7,DRAM_ENERGY (J),PACKAGE_ENERGY (J),PP0_ENERGY (J),PP1_ENERGY (J),TOTAL_MEMORY,TOTAL_SWAP,USED_MEMORY,USED_SWAP
0,1740622273870,1609,1609,1609,1609,1609,1609,1609,1609,10.00604248046875,69.65856170654297,83.16393280029297,11.719779968261719,72.96094512939453,13.728096008300781,16.771827697753906,10.453605651855469,5956.669128417969,23331.262451171875,17120.172119140625,22.54949951171875,16883044352,34359738368,6666948608,0
198,1740622273871,1609,1609,1609,1609,1609,1609,1609,1609,33.56822967529297,32.09861755371094,67.23551940917969,35.31970977783203,89.19595336914063,23.656768798828125,99.40153503417969,36.37059783935547,5956.678955078125,23331.304748535156,17120.20831298828,22.54949951171875,16883044352,34359738368,6666637312,0
199,1740622274070,1609,1609,1609,1609,1609,1609,1609,1609,10.007736206054688,6.6259765625,49.551597595214844,10.374160766601563,26.12866973876953,11.811492919921875,32.92157745361328,27.881591796875,5956.828857421875,23333.266235351563,17121.971130371094,22.54949951171875,16883044352,34359738368,6707322880,0
10,1740622274271,1609,1609,1609,1609,1609,1609,1609,1609,11.24957275390625,4.12359619140625,24.92418670654297,11.103507995605469,9.571647644042969,5.8997039794921875,4.343681335449219,13.989013671875,5956.948059082031,23334.09930419922,17122.58135986328,22.54949951171875,16883044352,34359738368,6668664832,0
