Delta,Time,CPU_FREQUENCY_0,CPU_FREQUENCY_1,CPU_FREQUENCY_2,CPU_FREQUENCY_3,CPU_FREQUENCY_4,CPU_FREQUENCY_5,CPU_FREQUENCY_6,CPU_FREQUENCY_7,CPU_USAGE_0,CPU_USAGE_1,CPU_USAGE_2,CPU_USAGE_3,CPU_USAGE_4,CPU_USAGE_5,CPU_USAGE_6,CPU_USAGE_7,DRAM_ENERGY (J),PACKAGE_ENERGY (J),PP0_ENERGY (J),PP1_ENERGY (J),TOTAL_MEMORY,TOTAL_SWAP,USED_MEMORY,USED_SWAP
0,1740620988354,1609,1609,1609,1609,1609,1609,1609,1609,48.626407623291016,22.369422912597656,60.72465896606445,62.422630310058594,73.4908218383789,38.30025863647461,24.67535400390625,77.30460357666016,5549.380126953125,22487.39190673828,16724.208374023438,20.98370361328125,16883044352,34359738368,6717120512,0
198,1740620988357,1609,1609,1609,1609,1609,1609,1609,1609,61.12318801879883,77.20865631103516,93.7548599243164,48.42485809326172,95.58773040771484,100,98.91726684570313,62.9625358581543,5549.3934326171875,22487.446899414063,16724.252075195313,20.98370361328125,16883044352,34359738368,6718001152,0
198,1740620988556,1609,1609,1609,1609,1609,1609,1609,1609,18.854652404785156,16.848052978515625,51.71342468261719,12.517494201660156,32.94685363769531,12.721298217773438,16.860450744628906,22.282325744628906,5549.553405761719,22489.406982421875,16726.046752929688,20.98388671875,16883044352,34359738368,6758264832,0
10,1740620988755,1609,1609,1609,1609,1609,1609,1609,1609,4.582756042480469,3.3648757934570313,24.39411163330078,4.128623962402344,13.431297302246094,4.5341339111328125,6.663238525390625,17.731895446777344,5549.6673583984375,22490.274780273438,16726.69696044922,20.9842529296875,16883044352,34359738368,6717362176,0
