Delta,Time,CPU_FREQUENCY_0,CPU_FREQUENCY_1,CPU_FREQUENCY_2,CPU_FREQUENCY_3,CPU_FREQUENCY_4,CPU_FREQUENCY_5,CPU_FREQUENCY_6,CPU_FREQUENCY_7,CPU_USAGE_0,CPU_USAGE_1,CPU_USAGE_2,CPU_USAGE_3,CPU_USAGE_4,CPU_USAGE_5,CPU_USAGE_6,CPU_USAGE_7,DRAM_ENERGY (J),PACKAGE_ENERGY (J),PP0_ENERGY (J),PP1_ENERGY (J),TOTAL_MEMORY,TOTAL_SWAP,USED_MEMORY,USED_SWAP
0,1740621906556,1609,1609,1609,1609,1609,1609,1609,1609,12.284324645996094,73.05164337158203,84.11184692382813,9.656341552734375,48.421356201171875,25.52983856201172,17.01055908203125,10.583480834960938,5840.1683349609375,23079.9482421875,17003.047790527344,22.09765625,16883044352,34359738368,6625161216,0
198,1740621906557,1609,1609,1609,1609,1609,1609,1609,1609,57.374996185302734,45.78171157836914,95.35111236572266,37.7553596496582,99.16183471679688,46.12110900878906,92.79706573486328,64.23912048339844,5840.178039550781,23079.985290527344,17003.079162597656,22.09765625,16883044352,34359738368,6625193984,0
199,1740621906757,1609,1609,1609,1609,1609,1609,1609,1609,17.127044677734375,12.404716491699219,53.998775482177734,7.719932556152344,25.038787841796875,10.5780029296875,23.507713317871094,29.040237426757813,5840.329528808594,23081.88116455078,17004.82635498047,22.09765625,16883044352,34359738368,6666510336,0
9,1740621906957,1609,1609,1609,1609,1609,1609,1609,1609,0,0.09290313720703125,16.33110809326172,0,4.233482360839844,0,7.307037353515625,11.930046081542969,5840.436584472656,23082.712768554688,17005.43682861328,22.09814453125,16883044352,34359738368,6625001472,0
