Delta,Time,CPU_FREQUENCY_0,CPU_FREQUENCY_1,CPU_FREQUENCY_2,CPU_FREQUENCY_3,CPU_FREQUENCY_4,CPU_FREQUENCY_5,CPU_FREQUENCY_6,CPU_FREQUENCY_7,CPU_USAGE_0,CPU_USAGE_1,CPU_USAGE_2,CPU_USAGE_3,CPU_USAGE_4,CPU_USAGE_5,CPU_USAGE_6,CPU_USAGE_7,DRAM_ENERGY (J),PACKAGE_ENERGY (J),PP0_ENERGY (J),PP1_ENERGY (J),TOTAL_MEMORY,TOTAL_SWAP,USED_MEMORY,USED_SWAP
0,1740621416839,1609,1609,1609,1609,1609,1609,1609,1609,34.89722442626953,21.94709014892578,85.73404693603516,13.480522155761719,62.30046844482422,25.18462371826172,25.7010498046875,85.29438018798828,5686.211608886719,22781.153564453125,16869.09014892578,21.51116943359375,16883044352,34359738368,6653202432,0
199,1740621416840,1609,1609,1609,1609,1609,1609,1609,1609,0,0,97.63206481933594,0,99.5918197631836,0,0,0,5686.219299316406,22781.199157714844,16869.1298828125,21.51116943359375,16883044352,34359738368,6653956096,0
200,1740621417040,1609,1609,1609,1609,1609,1609,1609,1609,18.272689819335938,9.952033996582031,54.02545166015625,10.066741943359375,19.63860321044922,10.730171203613281,18.758407592773438,37.43867492675781,5686.376220703125,22783.182556152344,16870.95294189453,21.51116943359375,16883044352,34359738368,6696329216,0
9,1740621417241,1609,1609,1609,1609,1609,1609,1609,1609,1.5062408447265625,0.27761077880859375,36.0133056640625,0.4638214111328125,1.0946807861328125,0.49828338623046875,1.448089599609375,5.9300537109375,5686.47509765625,22783.880737304688,16871.44921875,21.51116943359375,16883044352,34359738368,6651002880,0
