Delta,Time,CPU_FREQUENCY_0,CPU_FREQUENCY_1,CPU_FREQUENCY_2,CPU_FREQUENCY_3,CPU_FREQUENCY_4,CPU_FREQUENCY_5,CPU_FREQUENCY_6,CPU_FREQUENCY_7,CPU_USAGE_0,CPU_USAGE_1,CPU_USAGE_2,CPU_USAGE_3,CPU_USAGE_4,CPU_USAGE_5,CPU_USAGE_6,CPU_USAGE_7,DRAM_ENERGY (J),PACKAGE_ENERGY (J),PP0_ENERGY (J),PP1_ENERGY (J),TOTAL_MEMORY,TOTAL_SWAP,USED_MEMORY,USED_SWAP
0,1740622946594,1609,1609,1609,1609,1609,1609,1609,1609,9.227104187011719,0,73.65127563476563,0,0,60.90866470336914,0,0,6169.8001708984375,23761.17852783203,17321.310791015625,23.36224365234375,16883044352,34359738368,6728945664,0
199,1740622946594,1609,1609,1609,1609,1609,1609,1609,1609,66.21540832519531,66.51826477050781,86.19441986083984,91.8063735961914,98.9666519165039,62.92422866821289,86.2545394897461,65.87227630615234,6169.810546875,23761.222900390625,17321.348022460938,23.36224365234375,16883044352,34359738368,6729236480,0
200,1740622946795,1609,1609,1609,1609,1609,1609,1609,1609,34.776756286621094,11.125419616699219,32.85127258300781,9.172439575195313,17.018218994140625,18.79167938232422,24.62762451171875,35.26782989501953,6169.966796875,23763.19091796875,17323.153686523438,23.36224365234375,16883044352,34359738368,6771077120,0
10,1740622946996,1609,1609,1609,1609,1609,1609,1609,1609,8.31585693359375,1.6167526245117188,21.510421752929688,0,1.3673019409179688,0.4385986328125,1.9227142333984375,13.454071044921875,6170.0947265625,23763.966796875,17323.71856689453,23.36224365234375,16883044352,34359738368,6739693568,0
