Delta,Time,CPU_FREQUENCY_0,CPU_FREQUENCY_1,CPU_FREQUENCY_2,CPU_FREQUENCY_3,CPU_FREQUENCY_4,CPU_FREQUENCY_5,CPU_FREQUENCY_6,CPU_FREQUENCY_7,CPU_USAGE_0,CPU_USAGE_1,CPU_USAGE_2,CPU_USAGE_3,CPU_USAGE_4,CPU_USAGE_5,CPU_USAGE_6,CPU_USAGE_7,DRAM_ENERGY (J),PACKAGE_ENERGY (J),PP0_ENERGY (J),PP1_ENERGY (J),TOTAL_MEMORY,TOTAL_SWAP,USED_MEMORY,USED_SWAP
0,1740622151528,1609,1609,1609,1609,1609,1609,1609,1609,23.632896423339844,0,65.9967041015625,5.7754058837890625,0,66.30834197998047,48.62708282470703,0,5918.205627441406,23258.791625976563,17088.744506835938,22.39874267578125,16883044352,34359738368,6679502848,0
198,1740622151530,1609,1609,1609,1609,1609,1609,1609,1609,62.624122619628906,51.665042877197266,98.80079650878906,3.9728775024414063,97.50220489501953,15.396408081054688,4.2450408935546875,35.374114990234375,5918.218078613281,23258.832397460938,17088.77508544922,22.39874267578125,16883044352,34359738368,6679285760,0
199,1740622151729,1609,1609,1609,1609,1609,1609,1609,1609,14.130889892578125,17.460533142089844,55.35757064819336,9.1859130859375,22.03704833984375,11.894371032714844,23.88623046875,25.65923309326172,5918.368103027344,23260.703979492188,17090.494689941406,22.39874267578125,16883044352,34359738368,6719991808,0
10,1740622151929,1609,1609,1609,1609,1609,1609,1609,1609,1.7907257080078125,2.3777847290039063,18.388587951660156,0.7791595458984375,4.933616638183594,2.2578201293945313,10.700210571289063,13.1298828125,5918.4666748046875,23261.532287597656,17091.094116210938,22.3992919921875,16883044352,34359738368,6676144128,0
