Delta,Time,CPU_FREQUENCY_0,CPU_FREQUENCY_1,CPU_FREQUENCY_2,CPU_FREQUENCY_3,CPU_FREQUENCY_4,CPU_FREQUENCY_5,CPU_FREQUENCY_6,CPU_FREQUENCY_7,CPU_USAGE_0,CPU_USAGE_1,CPU_USAGE_2,CPU_USAGE_3,CPU_USAGE_4,CPU_USAGE_5,CPU_USAGE_6,CPU_USAGE_7,DRAM_ENERGY (J),PACKAGE_ENERGY (J),PP0_ENERGY (J),PP1_ENERGY (J),TOTAL_MEMORY,TOTAL_SWAP,USED_MEMORY,USED_SWAP
0,1740620927189,1609,1609,1609,1609,1609,1609,1609,1609,41.945770263671875,0,22.46715545654297,60.634220123291016,37.334007263183594,36.767642974853516,5.03021240234375,0,5529.718200683594,22433.341735839844,16693.536193847656,20.9078369140625,16883044352,34359738368,6669230080,0
199,1740620927190,1609,1609,1609,1609,1609,1609,1609,1609,84.05529022216797,58.367008209228516,98.88790130615234,35.50249481201172,82.56291198730469,40.7935791015625,81.32762145996094,71.18157958984375,5529.728332519531,22433.38250732422,16693.571350097656,20.9078369140625,16883044352,34359738368,6668808192,0
199,1740620927390,1609,1609,1609,1609,1609,1609,1609,1609,12.790092468261719,22.855140686035156,59.18950271606445,5.7426605224609375,16.460525512695313,10.480224609375,24.87989044189453,29.63634490966797,5529.883239746094,22435.307739257813,16695.344482421875,20.9085693359375,16883044352,34359738368,6702931968,0
18,1740620927591,1609,1609,1609,1609,1609,1609,1609,1609,9.646781921386719,4.298088073730469,27.541419982910156,4.515045166015625,7.011199951171875,3.8027725219726563,5.367774963378906,18.671531677246094,5530.0045166015625,22436.209838867188,16696.016662597656,20.9085693359375,16883044352,34359738368,6666432512,0
