Delta,Time,CPU_FREQUENCY_0,CPU_FREQUENCY_1,CPU_FREQUENCY_2,CPU_FREQUENCY_3,CPU_FREQUENCY_4,CPU_FREQUENCY_5,CPU_FREQUENCY_6,CPU_FREQUENCY_7,CPU_USAGE_0,CPU_USAGE_1,CPU_USAGE_2,CPU_USAGE_3,CPU_USAGE_4,CPU_USAGE_5,CPU_USAGE_6,CPU_USAGE_7,DRAM_ENERGY (J),PACKAGE_ENERGY (J),PP0_ENERGY (J),PP1_ENERGY (J),TOTAL_MEMORY,TOTAL_SWAP,USED_MEMORY,USED_SWAP
0,1740620437696,1609,1609,1609,1609,1609,1609,1609,1609,44.484710693359375,51.99844741821289,63.512550354003906,33.92315673828125,34.905029296875,79.74615478515625,70.73200988769531,31.195472717285156,5374.7750244140625,22105.698852539063,16533.5908203125,20.311279296875,16883044352,34359738368,6633103360,0
198,1740620437697,1609,1609,1609,1609,1609,1609,1609,1609,85.64376831054688,29.15411376953125,98.78782653808594,16.13658905029297,67.1705322265625,46.03742218017578,79.30978393554688,61.625247955322266,5374.784973144531,22105.732543945313,16533.61541748047,20.311279296875,16883044352,34359738368,6633127936,0
199,1740620437897,1609,1609,1609,1609,1609,1609,1609,1609,7.0731964111328125,19.106491088867188,48.410736083984375,12.786598205566406,42.828208923339844,10.549156188964844,26.007118225097656,21.66229248046875,5374.9305419921875,22107.554626464844,16535.234436035156,20.311279296875,16883044352,34359738368,6672961536,0
8,1740620438098,1609,1609,1609,1609,1609,1609,1609,1609,5.584114074707031,4.140289306640625,23.4415283203125,3.301239013671875,11.04742431640625,7.3218536376953125,4.073997497558594,23.012710571289063,5375.05224609375,22108.5341796875,16535.987670898438,20.31158447265625,16883044352,34359738368,6633091072,0
