Delta,Time,CPU_FREQUENCY_0,CPU_FREQUENCY_1,CPU_FREQUENCY_2,CPU_FREQUENCY_3,CPU_FREQUENCY_4,CPU_FREQUENCY_5,CPU_FREQUENCY_6,CPU_FREQUENCY_7,CPU_USAGE_0,CPU_USAGE_1,CPU_USAGE_2,CPU_USAGE_3,CPU_USAGE_4,CPU_USAGE_5,CPU_USAGE_6,CPU_USAGE_7,DRAM_ENERGY (J),PACKAGE_ENERGY (J),PP0_ENERGY (J),PP1_ENERGY (J),TOTAL_MEMORY,TOTAL_SWAP,USED_MEMORY,USED_SWAP
0,1740621600537,1609,1609,1609,1609,1609,1609,1609,1609,66.8516845703125,29.860984802246094,87.25555419921875,27.0162353515625,33.61692810058594,28.8363037109375,35.713356018066406,79.16456604003906,5744.004699707031,22893.186401367188,16919.673583984375,21.73486328125,16883044352,34359738368,6642552832,0
199,1740621600539,1609,1609,1609,1609,1609,1609,1609,1609,93.94709014892578,41.88487243652344,98.9962158203125,24.42255401611328,90.3390121459961,51.943260192871094,47.46965026855469,58.308040618896484,5744.015319824219,22893.235717773438,16919.71063232422,21.73486328125,16883044352,34359738368,6642282496,0
199,1740621600738,1609,1609,1609,1609,1609,1609,1609,1609,20.515357971191406,19.942100524902344,48.087196350097656,14.731277465820313,13.744209289550781,14.123123168945313,21.185562133789063,21.484031677246094,5744.16650390625,22895.180297851563,16921.442626953125,21.73486328125,16883044352,34359738368,6684049408,0
10,1740621600939,1609,1609,1609,1609,1609,1609,1609,1609,9.451911926269531,11.424346923828125,28.368133544921875,7.479576110839844,4.348701477050781,4.33538818359375,4.335289001464844,14.316131591796875,5744.277404785156,22895.98907470703,16922.04132080078,21.73529052734375,16883044352,34359738368,6641704960,0
