Delta,Time,CPU_FREQUENCY_0,CPU_FREQUENCY_1,CPU_FREQUENCY_2,CPU_FREQUENCY_3,CPU_FREQUENCY_4,CPU_FREQUENCY_5,CPU_FREQUENCY_6,CPU_FREQUENCY_7,CPU_USAGE_0,CPU_USAGE_1,CPU_USAGE_2,CPU_USAGE_3,CPU_USAGE_4,CPU_USAGE_5,CPU_USAGE_6,CPU_USAGE_7,DRAM_ENERGY (J),PACKAGE_ENERGY (J),PP0_ENERGY (J),PP1_ENERGY (J),TOTAL_MEMORY,TOTAL_SWAP,USED_MEMORY,USED_SWAP
0,1740620682605,1609,1609,1609,1609,1609,1609,1609,1609,46.965972900390625,26.8302001953125,99.90310668945313,25.823753356933594,63.96989440917969,22.723777770996094,64.27494812011719,32.729469299316406,5451.912170410156,22254.060180664063,16598.660400390625,20.61285400390625,16883044352,34359738368,6624628736,0
199,1740620682605,1609,1609,1609,1609,1609,1609,1609,1609,100,100,100,100,100,100,100,100,5451.919982910156,22254.114013671875,16598.707946777344,20.61285400390625,16883044352,34359738368,6624911360,0
200,1740620682806,1609,1609,1609,1609,1609,1609,1609,1609,17.34021759033203,19.98487091064453,52.620338439941406,12.694206237792969,25.401077270507813,9.724212646484375,25.223854064941406,33.235687255859375,5452.078308105469,22256.102600097656,16600.544860839844,20.61328125,16883044352,34359738368,6668824576,0
10,1740620683006,1609,1609,1609,1609,1609,1609,1609,1609,5.568489074707031,7.3731231689453125,28.504440307617188,5.877586364746094,6.905242919921875,5.863677978515625,7.615287780761719,9.500297546386719,5452.192138671875,22256.86248779297,16601.102966308594,20.61376953125,16883044352,34359738368,6624436224,0
