Delta,Time,CORE0_ENERGY (J),CORE0_FREQ (MHZ),CORE0_PSTATE,CORE0_VOLT (V),CPU_ENERGY (J),CPU_FREQUENCY_0,CPU_FREQUENCY_1,CPU_FREQUENCY_2,CPU_FREQUENCY_3,CPU_FREQUENCY_4,CPU_FREQUENCY_5,CPU_FREQUENCY_6,CPU_FREQUENCY_7,CPU_USAGE_0,CPU_USAGE_1,CPU_USAGE_2,CPU_USAGE_3,CPU_USAGE_4,CPU_USAGE_5,CPU_USAGE_6,CPU_USAGE_7,TOTAL_MEMORY,TOTAL_SWAP,USED_MEMORY,USED_SWAP
0,1740619852176,970.2273559570313,1400,2,0.8625,10938.380065917969,1400,1400,1400,1400,1400,1400,1400,1400,25.07147979736328,22.78636932373047,60.489524841308594,9.223686218261719,38.77472686767578,5.891357421875,56.15191650390625,9.327308654785156,14964924416,11811160064,11518816256,55971840
199,1740619852177,970.2299499511719,1400,2,0.8625,10938.413925170898,1400,1400,1400,1400,1400,1400,1400,1400,100,0,99.46504211425781,0,19.274169921875,9.577354431152344,12.532623291015625,0.6375350952148438,14964924416,11811160064,11518861312,57028608
196,1740619852380,947.3577575683594,1400,2,0.8625,10939.05598449707,1400,1400,1400,1400,1400,1400,1400,1400,47.545082092285156,34.49192810058594,69.26110076904297,39.1588134765625,46.14848709106445,25.89795684814453,40.157958984375,41.30744552612305,14964924416,11811160064,11520503808,89141248
199,1740619852577,970.3468780517578,1400,2,0.8625,10939.690078735352,1400,1400,1400,1400,1400,1400,1400,1400,75.80497741699219,28.660690307617188,54.732086181640625,58.2182502746582,54.98497772216797,37.96487045288086,42.780616760253906,26.271095275878906,14964924416,11811160064,11527958528,96038912
199,1740619852777,508.7844543457031,1400,2,0.8625,10940.294799804688,1400,1400,1400,1400,1400,1400,1400,1400,27.014976501464844,47.663116455078125,45.45689392089844,38.410587310791016,37.06559753417969,29.487030029296875,32.363746643066406,27.562484741210938,14964924416,11811160064,11541098496,143187968
