Delta,Time,CORE0_ENERGY (J),CORE0_FREQ (MHZ),CORE0_PSTATE,CORE0_VOLT (V),CPU_ENERGY (J),CPU_FREQUENCY_0,CPU_FREQUENCY_1,CPU_FREQUENCY_10,CPU_FREQUENCY_11,CPU_FREQUENCY_12,CPU_FREQUENCY_13,CPU_FREQUENCY_14,CPU_FREQUENCY_15,CPU_FREQUENCY_2,CPU_FREQUENCY_3,CPU_FREQUENCY_4,CPU_FREQUENCY_5,CPU_FREQUENCY_6,CPU_FREQUENCY_7,CPU_FREQUENCY_8,CPU_FREQUENCY_9,CPU_USAGE_0,CPU_USAGE_1,CPU_USAGE_10,CPU_USAGE_11,CPU_USAGE_12,CPU_USAGE_13,CPU_USAGE_14,CPU_USAGE_15,CPU_USAGE_2,CPU_USAGE_3,CPU_USAGE_4,CPU_USAGE_5,CPU_USAGE_6,CPU_USAGE_7,CPU_USAGE_8,CPU_USAGE_9,TOTAL_MEMORY,TOTAL_SWAP,USED_MEMORY,USED_SWAP
0,1740626135428,57329.448165893555,4825,0,0.23750000000000004,416105.3262023926,3040,3040,3801,3040,3040,3040,3040,3040,3040,3040,3040,3040,3040,3040,3040,3040,16.30670166015625,12.287559509277344,66.66145324707031,11.964500427246094,22.469146728515625,12.490776062011719,25.536476135253906,12.429985046386719,60.79861831665039,49.77116775512695,20.05835723876953,22.52472686767578,42.74982833862305,46.64738845825195,13.7569580078125,17.02837371826172,64091443200,4026531840,8309932032,0
200,1740626135429,57863.35189819336,4800,0,0.23124999999999996,416105.4303894043,3040,3040,3801,3040,3040,3040,3040,3040,3040,3040,3040,3040,3040,3040,3040,3040,0,0,94.20931243896484,0,0,0,0,0,0,19.697189331054688,0,0,86.04925537109375,0,0,0,64091443200,4026531840,8310022144,0
4,1740626135630,57330.28379821777,5125,0,0.07499999999999996,416108.77632141113,3040,3040,3801,3040,3040,3040,3040,3040,3040,3040,3040,3040,3040,3040,3040,3040,0.56561279296875,0,24.597305297851563,8.549468994140625,2.9997711181640625,3.7419357299804688,7.968772888183594,0.5560989379882813,7.698768615722656,17.630096435546875,2.0493392944335938,1.86865234375,10.732292175292969,15.625617980957031,0.44063568115234375,0.583282470703125,64091443200,4026531840,8310136832,0
