Delta,Time,CORE0_ENERGY (J),CORE0_FREQ (MHZ),CORE0_PSTATE,CORE0_VOLT (V),CPU_ENERGY (J),CPU_FREQUENCY_0,CPU_FREQUENCY_1,CPU_FREQUENCY_10,CPU_FREQUENCY_11,CPU_FREQUENCY_12,CPU_FREQUENCY_13,CPU_FREQUENCY_14,CPU_FREQUENCY_15,CPU_FREQUENCY_2,CPU_FREQUENCY_3,CPU_FREQUENCY_4,CPU_FREQUENCY_5,CPU_FREQUENCY_6,CPU_FREQUENCY_7,CPU_FREQUENCY_8,CPU_FREQUENCY_9,CPU_USAGE_0,CPU_USAGE_1,CPU_USAGE_10,CPU_USAGE_11,CPU_USAGE_12,CPU_USAGE_13,CPU_USAGE_14,CPU_USAGE_15,CPU_USAGE_2,CPU_USAGE_3,CPU_USAGE_4,CPU_USAGE_5,CPU_USAGE_6,CPU_USAGE_7,CPU_USAGE_8,CPU_USAGE_9,TOTAL_MEMORY,TOTAL_SWAP,USED_MEMORY,USED_SWAP
0,1740627288097,57454.517181396484,5125,0,0.05624999999999991,420030.24450683594,3040,3040,3801,3040,3040,3040,3040,3040,3040,3040,3040,3040,3040,3040,3040,3040,16.745773315429688,13.45367431640625,67.91676330566406,8.977188110351563,13.560012817382813,12.165534973144531,23.07147216796875,9.508003234863281,51.73638916015625,50.08515548706055,16.27288055419922,10.297309875488281,38.55763244628906,42.628662109375,15.069465637207031,9.695602416992188,64091443200,4026531840,8316354560,0
190,1740627288108,38038.62258911133,5100,0,0.05624999999999991,420030.891708374,3040,3040,3801,3040,3040,3040,3040,3040,3040,3040,3040,3040,3040,3040,3040,3040,0,0.9326553344726563,63.15757751464844,1.7262115478515625,30.902481079101563,0,0,0,2.9209213256835938,39.532867431640625,0,0,77.84414672851563,0,0,0,64091443200,4026531840,8316768256,0
4,1740627288298,57455.465255737305,5125,0,0.08125000000000004,420033.6755371094,3040,3040,3801,3040,3040,3040,3040,3040,3040,3040,3040,3040,3040,3040,3040,3040,0.42180633544921875,0,27.053016662597656,6.790275573730469,4.5468292236328125,3.7887954711914063,2.1382904052734375,2.109283447265625,9.163764953613281,7.6770172119140625,1.1969680786132813,0.175689697265625,14.671562194824219,11.519538879394531,0.7233047485351563,4.7179718017578125,64091443200,4026531840,8313864192,0
