Delta,Time,CORE0_ENERGY (J),CORE0_FREQ (MHZ),CORE0_PSTATE,CORE0_VOLT (V),CPU_ENERGY (J),CPU_FREQUENCY_0,CPU_FREQUENCY_1,CPU_FREQUENCY_2,CPU_FREQUENCY_3,CPU_FREQUENCY_4,CPU_FREQUENCY_5,CPU_FREQUENCY_6,CPU_FREQUENCY_7,CPU_USAGE_0,CPU_USAGE_1,CPU_USAGE_2,CPU_USAGE_3,CPU_USAGE_4,CPU_USAGE_5,CPU_USAGE_6,CPU_USAGE_7,TOTAL_MEMORY,TOTAL_SWAP,USED_MEMORY,USED_SWAP
0,1740626956579,1430.4533081054688,1400,2,1.3125,32010.39971923828,1400,1400,1400,1400,1400,1400,1400,1400,17.03612518310547,55.57307434082031,45.78455352783203,19.562530517578125,24.62554168701172,10.630195617675781,55.45639419555664,11.282241821289063,14964924416,11811160064,11744079872,218071040
200,1740626956580,1430.4568786621094,1400,2,1.3125,32010.4471282959,1400,1400,1400,1400,1400,1400,1400,1400,34.300559997558594,16.853851318359375,99.77151489257813,5.9152679443359375,21.165069580078125,19.199310302734375,99.78550720214844,8.005592346191406,14964924416,11811160064,11743924224,219074560
195,1740626956785,2726.097427368164,1400,2,1.3125,32011.07357788086,1400,1400,1400,1400,1400,1400,1400,1400,56.19403839111328,51.36607360839844,81.81433868408203,51.0739631652832,60.5449104309082,51.898433685302734,0.0275115966796875,0.56573486328125,14964924416,11811160064,11745288192,252456960
199,1740626956981,2803.0626068115234,1400,2,1.3125,32011.683303833008,1400,1400,1400,1400,1400,1400,1400,1400,54.22212600708008,40.39820861816406,65.51455688476563,42.289249420166016,56.795860290527344,40.072669982910156,38.36570358276367,61.98442077636719,14964924416,11811160064,11751931904,260476928
