Delta,Time,CORE0_ENERGY (J),CORE0_FREQ (MHZ),CORE0_PSTATE,CORE0_VOLT (V),CPU_ENERGY (J),CPU_FREQUENCY_0,CPU_FREQUENCY_1,CPU_FREQUENCY_2,CPU_FREQUENCY_3,CPU_FREQUENCY_4,CPU_FREQUENCY_5,CPU_FREQUENCY_6,CPU_FREQUENCY_7,CPU_USAGE_0,CPU_USAGE_1,CPU_USAGE_2,CPU_USAGE_3,CPU_USAGE_4,CPU_USAGE_5,CPU_USAGE_6,CPU_USAGE_7,TOTAL_MEMORY,TOTAL_SWAP,USED_MEMORY,USED_SWAP
0,1740626134245,2456.6132202148438,1400,2,1.29375,29262.390869140625,1400,1400,1400,1400,1400,1400,1400,1400,74.31661987304688,77.22203063964844,95.77157592773438,69.17312622070313,73.50520324707031,86.99485778808594,18.94939422607422,10.580848693847656,14964924416,11811160064,11759964160,212619264
201,1740626134247,2527.582550048828,1400,2,1.29375,29262.455764770508,1400,1400,1400,1400,1400,1400,1400,1400,98.31645965576172,96.85758972167969,98.9568862915039,100,97.13579559326172,98.99173736572266,0,0,14964924416,11811160064,11760513024,212193280
198,1740626134451,2456.6831817626953,1400,2,1.29375,29263.121459960938,1400,1400,1400,1400,1400,1400,1400,1400,69.6587905883789,51.38456344604492,60.61543273925781,49.119388580322266,51.93915939331055,68.7574462890625,32.225738525390625,18.856826782226563,14964924416,11811160064,11760590848,243605504
199,1740626134650,2527.704544067383,1400,2,1.29375,29263.858993530273,1400,1400,1400,1400,1400,1400,1400,1400,60.34659957885742,60.84396743774414,90.91383361816406,46.849727630615234,59.29751968383789,68.9559326171875,71.62020874023438,49.13746643066406,14964924416,11811160064,11767623680,252555264
