Delta,Time,CPU_FREQUENCY_0,CPU_FREQUENCY_1,CPU_FREQUENCY_2,CPU_FREQUENCY_3,CPU_FREQUENCY_4,CPU_FREQUENCY_5,CPU_FREQUENCY_6,CPU_FREQUENCY_7,CPU_USAGE_0,CPU_USAGE_1,CPU_USAGE_2,CPU_USAGE_3,CPU_USAGE_4,CPU_USAGE_5,CPU_USAGE_6,CPU_USAGE_7,DRAM_ENERGY (J),PACKAGE_ENERGY (J),PP0_ENERGY (J),PP1_ENERGY (J),TOTAL_MEMORY,TOTAL_SWAP,USED_MEMORY,USED_SWAP
0,1740623068896,1609,1609,1609,1609,1609,1609,1609,1609,44.59257125854492,72.83609008789063,48.58640670776367,57.835750579833984,64.66236114501953,46.81167984008789,73.18025207519531,38.56249237060547,6209.2049560546875,23858.806579589844,17375.507385253906,23.507568359375,16883044352,34359738368,6707908608,0
199,1740623068897,1609,1609,1609,1609,1609,1609,1609,1609,37.843135833740234,23.995864868164063,26.799575805664063,67.91241455078125,98.52176666259766,31.73577117919922,98.6467514038086,38.88623046875,6209.2147216796875,23858.887268066406,17375.585327148438,23.507568359375,16883044352,34359738368,6708019200,0
199,1740623069098,1609,1609,1609,1609,1609,1609,1609,1609,14.768905639648438,9.85955810546875,59.0567512512207,7.422645568847656,24.15149688720703,12.693832397460938,24.4195556640625,34.51850891113281,6209.374938964844,23860.844482421875,17377.38299560547,23.507568359375,16883044352,34359738368,6749278208,0
9,1740623069298,1609,1609,1609,1609,1609,1609,1609,1609,0,1.8085174560546875,17.82935333251953,0,3.8502044677734375,0.932952880859375,1.0084075927734375,25.411453247070313,6209.4910888671875,23861.715698242188,17377.977600097656,23.507568359375,16883044352,34359738368,6709710848,0
