Delta,Time,CPU_FREQUENCY_0,CPU_FREQUENCY_1,CPU_FREQUENCY_2,CPU_FREQUENCY_3,CPU_FREQUENCY_4,CPU_FREQUENCY_5,CPU_FREQUENCY_6,CPU_FREQUENCY_7,CPU_USAGE_0,CPU_USAGE_1,CPU_USAGE_2,CPU_USAGE_3,CPU_USAGE_4,CPU_USAGE_5,CPU_USAGE_6,CPU_USAGE_7,DRAM_ENERGY (J),PACKAGE_ENERGY (J),PP0_ENERGY (J),PP1_ENERGY (J),TOTAL_MEMORY,TOTAL_SWAP,USED_MEMORY,USED_SWAP
0,1740619519593,1609,1609,1609,1609,1609,1609,1609,1609,22.654266357421875,5.891761779785156,34.75647735595703,6.144126892089844,26.520584106445313,24.420692443847656,37.15041732788086,13.044013977050781,5084.709228515625,21535.40997314453,16271.399597167969,19.15411376953125,16883044352,34359738368,6632443904,0
199,1740619519594,1609,1609,1609,1609,1609,1609,1609,1609,81.423095703125,71.09761047363281,99.38806915283203,61.529998779296875,82.47172546386719,63.782047271728516,96.12552642822266,80.72824096679688,5084.719421386719,21535.46124267578,16271.435607910156,19.15411376953125,16883044352,34359738368,6632534016,0
199,1740619519794,1609,1609,1609,1609,1609,1609,1609,1609,10.862983703613281,21.402572631835938,43.16819381713867,20.37506866455078,15.617462158203125,23.596206665039063,17.370155334472656,32.86005401611328,5084.877136230469,21537.583618164063,16273.31396484375,19.15411376953125,16883044352,34359738368,6673498112,0
10,1740619519994,1609,1609,1609,1609,1609,1609,1609,1609,10.720832824707031,5.162139892578125,33.46214294433594,13.458877563476563,14.366477966308594,7.606719970703125,10.830581665039063,20.24554443359375,5085.002136230469,21538.505310058594,16274.00732421875,19.1546630859375,16883044352,34359738368,6644146176,0
