Delta,Time,CPU_FREQUENCY_0,CPU_FREQUENCY_1,CPU_FREQUENCY_2,CPU_FREQUENCY_3,CPU_FREQUENCY_4,CPU_FREQUENCY_5,CPU_FREQUENCY_6,CPU_FREQUENCY_7,CPU_USAGE_0,CPU_USAGE_1,CPU_USAGE_2,CPU_USAGE_3,CPU_USAGE_4,CPU_USAGE_5,CPU_USAGE_6,CPU_USAGE_7,DRAM_ENERGY (J),PACKAGE_ENERGY (J),PP0_ENERGY (J),PP1_ENERGY (J),TOTAL_MEMORY,TOTAL_SWAP,USED_MEMORY,USED_SWAP
0,1740622824288,1609,1609,1609,1609,1609,1609,1609,1609,39.822940826416016,3.9404144287109375,86.97380065917969,7.442047119140625,71.8864517211914,5.282234191894531,16.877037048339844,15.7080078125,6129.570251464844,23663.16015625,17267.169799804688,23.1917724609375,16883044352,34359738368,6668423168,0
199,1740622824289,1609,1609,1609,1609,1609,1609,1609,1609,31.86463165283203,24.10491180419922,96.2770767211914,0.7861709594726563,97.27018737792969,0,98.24943542480469,45.66715621948242,6129.58056640625,23663.19989013672,17267.200622558594,23.1917724609375,16883044352,34359738368,6668079104,0
199,1740622824489,1609,1609,1609,1609,1609,1609,1609,1609,19.475196838378906,1.4484329223632813,53.05207443237305,5.103050231933594,17.92230224609375,13.581153869628906,30.495506286621094,27.645233154296875,6129.731201171875,23665.074829101563,17268.931274414063,23.1917724609375,16883044352,34359738368,6708502528,0
10,1740622824689,1609,1609,1609,1609,1609,1609,1609,1609,4.2245330810546875,3.7955703735351563,23.72010040283203,8.088088989257813,4.416099548339844,7.640830993652344,10.113105773925781,17.34345245361328,6129.845275878906,23665.953186035156,17269.58660888672,23.192138671875,16883044352,34359738368,6678437888,0
