Delta,Time,CPU_FREQUENCY_0,CPU_FREQUENCY_1,CPU_FREQUENCY_2,CPU_FREQUENCY_3,CPU_FREQUENCY_4,CPU_FREQUENCY_5,CPU_FREQUENCY_6,CPU_FREQUENCY_7,CPU_USAGE_0,CPU_USAGE_1,CPU_USAGE_2,CPU_USAGE_3,CPU_USAGE_4,CPU_USAGE_5,CPU_USAGE_6,CPU_USAGE_7,DRAM_ENERGY (J),PACKAGE_ENERGY (J),PP0_ENERGY (J),PP1_ENERGY (J),TOTAL_MEMORY,TOTAL_SWAP,USED_MEMORY,USED_SWAP
0,1740621845173,1609,1609,1609,1609,1609,1609,1609,1609,24.831283569335938,0,28.217742919921875,53.57773971557617,57.23173141479492,0,3.8687896728515625,0,5820.9268798828125,23043.900817871094,16987.55712890625,22.02716064453125,16883044352,34359738368,6635491328,0
200,1740621845174,1609,1609,1609,1609,1609,1609,1609,1609,86.79940795898438,45.4061279296875,98.89582061767578,39.003047943115234,83.27310180664063,61.59214782714844,75.37022399902344,54.9162712097168,5820.935241699219,23043.969360351563,16987.62646484375,22.02716064453125,16883044352,34359738368,6635208704,0
199,1740621845374,1609,1609,1609,1609,1609,1609,1609,1609,16.84272003173828,11.17999267578125,45.62857437133789,14.997604370117188,31.205184936523438,14.952674865722656,23.701026916503906,37.45224380493164,5821.090393066406,23045.948486328125,16989.4453125,22.02764892578125,16883044352,34359738368,6678188032,0
9,1740621845574,1609,1609,1609,1609,1609,1609,1609,1609,2.2015228271484375,2.4901199340820313,11.947845458984375,2.8461456298828125,13.632156372070313,2.8885574340820313,11.4703369140625,9.705787658691406,5821.1883544921875,23046.66192626953,16989.96551513672,22.02764892578125,16883044352,34359738368,6635180032,0
