Delta,Time,CPU_FREQUENCY_0,CPU_FREQUENCY_1,CPU_FREQUENCY_2,CPU_FREQUENCY_3,CPU_FREQUENCY_4,CPU_FREQUENCY_5,CPU_FREQUENCY_6,CPU_FREQUENCY_7,CPU_USAGE_0,CPU_USAGE_1,CPU_USAGE_2,CPU_USAGE_3,CPU_USAGE_4,CPU_USAGE_5,CPU_USAGE_6,CPU_USAGE_7,DRAM_ENERGY (J),PACKAGE_ENERGY (J),PP0_ENERGY (J),PP1_ENERGY (J),TOTAL_MEMORY,TOTAL_SWAP,USED_MEMORY,USED_SWAP
0,1740621355698,1609,1609,1609,1609,1609,1609,1609,1609,38.63663101196289,37.03443145751953,89.94754028320313,33.61470031738281,34.52123260498047,78.30975341796875,66.04096984863281,42.94282531738281,5666.996154785156,22744.515869140625,16852.873596191406,21.435546875,16883044352,34359738368,6650826752,0
198,1740621355699,1609,1609,1609,1609,1609,1609,1609,1609,48.47119903564453,29.834762573242188,97.02733612060547,11.212913513183594,98.4137191772461,24.856300354003906,99.01339721679688,18.162010192871094,5667.006530761719,22744.556030273438,16852.90509033203,21.435546875,16883044352,34359738368,6650851328,0
199,1740621355899,1609,1609,1609,1609,1609,1609,1609,1609,13.420951843261719,17.98785400390625,59.51261520385742,6.924346923828125,22.443572998046875,11.447830200195313,26.496910095214844,24.458885192871094,5667.1611328125,22746.5439453125,16854.659118652344,21.435546875,16883044352,34359738368,6690099200,0
11,1740621356099,1609,1609,1609,1609,1609,1609,1609,1609,4.548362731933594,3.2878799438476563,22.60326385498047,3.9147186279296875,12.253852844238281,5.6605072021484375,6.288993835449219,16.370201110839844,5667.2796630859375,22747.367431640625,16855.26007080078,21.435546875,16883044352,34359738368,6649589760,0
