Delta,Time,CPU_FREQUENCY_0,CPU_FREQUENCY_1,CPU_FREQUENCY_2,CPU_FREQUENCY_3,CPU_FREQUENCY_4,CPU_FREQUENCY_5,CPU_FREQUENCY_6,CPU_FREQUENCY_7,CPU_USAGE_0,CPU_USAGE_1,CPU_USAGE_2,CPU_USAGE_3,CPU_USAGE_4,CPU_USAGE_5,CPU_USAGE_6,CPU_USAGE_7,DRAM_ENERGY (J),PACKAGE_ENERGY (J),PP0_ENERGY (J),PP1_ENERGY (J),TOTAL_MEMORY,TOTAL_SWAP,USED_MEMORY,USED_SWAP
0,1740622640808,1609,1609,1609,1609,1609,1609,1609,1609,0,0,80.13398742675781,0,62.85627365112305,0,28.606887817382813,0,6071.980712890625,23554.32861328125,17219.44854736328,22.9779052734375,16883044352,34359738368,6673199104,0
199,1740622640809,1609,1609,1609,1609,1609,1609,1609,1609,81.08607482910156,52.91373062133789,89.30941009521484,44.97657775878906,98.91073608398438,52.84617233276367,85.4807357788086,61.917205810546875,6071.99072265625,23554.37127685547,17219.484130859375,22.9779052734375,16883044352,34359738368,6672936960,0
200,1740622641009,1609,1609,1609,1609,1609,1609,1609,1609,10.04425048828125,26.82598114013672,58.76077651977539,13.394912719726563,36.2514762878418,12.939811706542969,14.568069458007813,33.337913513183594,6072.156005859375,23556.46466064453,17221.395629882813,22.9786376953125,16883044352,34359738368,6711230464,0
10,1740622641210,1609,1609,1609,1609,1609,1609,1609,1609,0.7776718139648438,0.558380126953125,13.396232604980469,3.2570648193359375,8.038986206054688,0.5735702514648438,11.525825500488281,14.806121826171875,6072.266784667969,23557.349853515625,17222.011352539063,22.9786376953125,16883044352,34359738368,6667726848,0
