Delta,Time,CPU_FREQUENCY_0,CPU_FREQUENCY_1,CPU_FREQUENCY_2,CPU_FREQUENCY_3,CPU_FREQUENCY_4,CPU_FREQUENCY_5,CPU_FREQUENCY_6,CPU_FREQUENCY_7,CPU_USAGE_0,CPU_USAGE_1,CPU_USAGE_2,CPU_USAGE_3,CPU_USAGE_4,CPU_USAGE_5,CPU_USAGE_6,CPU_USAGE_7,DRAM_ENERGY (J),PACKAGE_ENERGY (J),PP0_ENERGY (J),PP1_ENERGY (J),TOTAL_MEMORY,TOTAL_SWAP,USED_MEMORY,USED_SWAP
0,1740620070400,1609,1609,1609,1609,1609,1609,1609,1609,51.99138641357422,39.7069091796875,83.6494140625,36.18016052246094,41.59872817993164,81.87184143066406,68.51582336425781,46.46763229370117,5258.258605957031,21880.024841308594,16430.805053710938,19.85626220703125,16883044352,34359738368,6646317056,0
199,1740620070400,1609,1609,1609,1609,1609,1609,1609,1609,100,100,100,100,100,100,100,100,5258.266357421875,21880.07440185547,16430.853881835938,19.85626220703125,16883044352,34359738368,6646550528,0
200,1740620070601,1609,1609,1609,1609,1609,1609,1609,1609,14.640464782714844,13.952201843261719,57.94057846069336,12.708274841308594,25.46624755859375,7.8135528564453125,26.00836944580078,37.70323944091797,5258.421569824219,21882.05157470703,16432.66748046875,19.85626220703125,16883044352,34359738368,6688858112,0
10,1740620070802,1609,1609,1609,1609,1609,1609,1609,1609,0,0,26.47264862060547,0,4.086051940917969,0.24207305908203125,2.5064697265625,3.8789138793945313,5258.519287109375,21882.778747558594,16433.201232910156,19.8570556640625,16883044352,34359738368,6646005760,0
