Delta,Time,CORE0_ENERGY (J),CORE0_FREQ (MHZ),CORE0_PSTATE,CORE0_VOLT (V),CPU_ENERGY (J),CPU_FREQUENCY_0,CPU_FREQUENCY_1,CPU_FREQUENCY_2,CPU_FREQUENCY_3,CPU_FREQUENCY_4,CPU_FREQUENCY_5,CPU_FREQUENCY_6,CPU_FREQUENCY_7,CPU_USAGE_0,CPU_USAGE_1,CPU_USAGE_2,CPU_USAGE_3,CPU_USAGE_4,CPU_USAGE_5,CPU_USAGE_6,CPU_USAGE_7,TOTAL_MEMORY,TOTAL_SWAP,USED_MEMORY,USED_SWAP
0,1740626197626,2478.5970611572266,1400,2,0.89375,29484.837280273438,1400,1400,1400,1400,1400,1400,1400,1400,33.160926818847656,36.86442184448242,69.7656021118164,34.73606872558594,87.30300903320313,18.824195861816406,63.742408752441406,26.774734497070313,14964924416,11811160064,11768844288,200859648
198,1740626197628,2550.67626953125,1400,2,0.89375,29484.88218688965,1400,1400,1400,1400,1400,1400,1400,1400,96.96295166015625,87.36341094970703,83.334228515625,88.80706787109375,74.1616439819336,99.79957580566406,0.9936676025390625,0.96832275390625,14964924416,11811160064,11755569152,200859648
