Delta,Time,CORE0_ENERGY (J),CORE0_FREQ (MHZ),CORE0_PSTATE,CORE0_VOLT (V),CPU_ENERGY (J),CPU_FREQUENCY_0,CPU_FREQUENCY_1,CPU_FREQUENCY_2,CPU_FREQUENCY_3,CPU_FREQUENCY_4,CPU_FREQUENCY_5,CPU_FREQUENCY_6,CPU_FREQUENCY_7,CPU_USAGE_0,CPU_USAGE_1,CPU_USAGE_2,CPU_USAGE_3,CPU_USAGE_4,CPU_USAGE_5,CPU_USAGE_6,CPU_USAGE_7,TOTAL_MEMORY,TOTAL_SWAP,USED_MEMORY,USED_SWAP
0,1740625924219,1822.7520294189453,1400,2,0.8625,28561.346954345703,1400,1400,1400,1400,1400,1400,1400,1400,48.529998779296875,66.44632720947266,68.1966552734375,50.340145111083984,62.288665771484375,28.254600524902344,40.92814636230469,74.54231262207031,14964924416,11811160064,11901632512,358113280
199,1740625924220,1822.754898071289,1400,2,0.8625,28561.38200378418,1400,1400,1400,1400,1400,1400,1400,1400,54.0427131652832,72.64501190185547,100,27.36591339111328,97.90444946289063,29.951210021972656,22.66413116455078,55.50923156738281,14964924416,11811160064,11901607936,360022016
196,1740625924423,2389.8529052734375,1400,2,0.8625,28562.080108642578,1400,1400,1400,1400,1400,1400,1400,1400,54.18996047973633,33.61547088623047,77.7657699584961,42.99723434448242,52.47325897216797,65.01177978515625,54.28837966918945,60.71732711791992,14964924416,11811160064,11904020480,391294976
199,1740625924620,1822.8641662597656,1400,2,0.8625,28562.76724243164,1400,1400,1400,1400,1400,1400,1400,1400,44.59176254272461,72.07707977294922,85.38716888427734,33.129058837890625,45.05269241333008,45.80989456176758,55.95915222167969,44.15606689453125,14964924416,11811160064,11913547776,397860864
200,1740625924820,2458.936279296875,1400,2,0.8625,28563.64421081543,1400,1400,1400,1400,1400,1400,1400,1400,72.0633773803711,77.4041976928711,68.51557922363281,82.40653228759766,69.70689392089844,68.43883514404297,75.64041900634766,69.4438705444336,14964924416,11811160064,11920822272,417320960
