Delta,Time,CORE0_ENERGY (J),CORE0_FREQ (MHZ),CORE0_PSTATE,CORE0_VOLT (V),CPU_ENERGY (J),CPU_FREQUENCY_0,CPU_FREQUENCY_1,CPU_FREQUENCY_2,CPU_FREQUENCY_3,CPU_FREQUENCY_4,CPU_FREQUENCY_5,CPU_FREQUENCY_6,CPU_FREQUENCY_7,CPU_USAGE_0,CPU_USAGE_1,CPU_USAGE_2,CPU_USAGE_3,CPU_USAGE_4,CPU_USAGE_5,CPU_USAGE_6,CPU_USAGE_7,TOTAL_MEMORY,TOTAL_SWAP,USED_MEMORY,USED_SWAP
0,1740625299719,1065.6693878173828,1400,2,0.70625,26441.8660736084,1400,1400,1400,1400,1400,1400,1400,1400,39.84699630737305,40.81398391723633,77.40977478027344,20.247718811035156,37.11996841430664,34.22120666503906,27.762954711914063,32.509918212890625,14964924416,11811160064,11826044928,217485312
199,1740625299720,2241.4231872558594,1400,2,0.70625,26441.907775878906,1400,1400,1400,1400,1400,1400,1400,1400,45.66462326049805,17.837120056152344,100,45.3352165222168,77.06455993652344,36.7615852355957,98.24382019042969,9.2364501953125,14964924416,11811160064,11826208768,218546176
