Delta,Time,CORE0_ENERGY (J),CORE0_FREQ (MHZ),CORE0_PSTATE,CORE0_VOLT (V),CPU_ENERGY (J),CPU_FREQUENCY_0,CPU_FREQUENCY_1,CPU_FREQUENCY_2,CPU_FREQUENCY_3,CPU_FREQUENCY_4,CPU_FREQUENCY_5,CPU_FREQUENCY_6,CPU_FREQUENCY_7,CPU_USAGE_0,CPU_USAGE_1,CPU_USAGE_2,CPU_USAGE_3,CPU_USAGE_4,CPU_USAGE_5,CPU_USAGE_6,CPU_USAGE_7,TOTAL_MEMORY,TOTAL_SWAP,USED_MEMORY,USED_SWAP
0,1740625437122,1093.404037475586,1400,2,0.8625,26901.18197631836,1400,1400,1400,1400,1400,1400,1400,1400,51.80569839477539,42.08649826049805,55.10406494140625,42.38304901123047,76.171875,35.20311737060547,55.627960205078125,66.48690795898438,14964924416,11811160064,11830616064,182681600
199,1740625437123,1686.3174438476563,1400,2,0.8625,26901.2234954834,1400,1400,1400,1400,1400,1400,1400,1400,85.93516540527344,100,75.28443908691406,35.98579406738281,60.03123092651367,51.50498580932617,37.03859329223633,100,14964924416,11811160064,11831115776,183083008
196,1740625437327,2226.957550048828,1400,2,0.8625,26902.004104614258,1400,1400,1400,1400,1400,1400,1400,1400,62.717491149902344,79.24118041992188,73.18350219726563,68.21737670898438,87.62391662597656,70.8614273071289,77.85321044921875,69.48773956298828,14964924416,11811160064,11837636608,212496384
