Delta,Time,CORE0_ENERGY (J),CORE0_FREQ (MHZ),CORE0_PSTATE,CORE0_VOLT (V),CPU_ENERGY (J),CPU_FREQUENCY_0,CPU_FREQUENCY_1,CPU_FREQUENCY_2,CPU_FREQUENCY_3,CPU_FREQUENCY_4,CPU_FREQUENCY_5,CPU_FREQUENCY_6,CPU_FREQUENCY_7,CPU_USAGE_0,CPU_USAGE_1,CPU_USAGE_2,CPU_USAGE_3,CPU_USAGE_4,CPU_USAGE_5,CPU_USAGE_6,CPU_USAGE_7,TOTAL_MEMORY,TOTAL_SWAP,USED_MEMORY,USED_SWAP
0,1740619063478,787.1177520751953,1400,2,0.8625,8798.782440185547,1400,1400,1400,1400,1400,1400,1400,1400,30.797080993652344,54.600948333740234,59.34005355834961,39.536197662353516,48.22725296020508,41.61589431762695,16.994979858398438,15.438507080078125,14964924416,11811160064,11696594944,156053504
199,1740619063479,807.3843383789063,1400,2,0.8625,8798.81576538086,1400,1400,1400,1400,1400,1400,1400,1400,69.78612518310547,67.28997802734375,99.48348236083984,45.440677642822266,59.951908111572266,56.525150299072266,23.10900115966797,23.105369567871094,14964924416,11811160064,11696984064,156053504
196,1740619063682,807.4447326660156,1400,2,0.8625,8799.45198059082,1400,1400,1400,1400,1400,1400,1400,1400,58.70295333862305,39.227012634277344,68.14000701904297,40.89272689819336,76.1222915649414,39.91912841796875,0.252593994140625,0.251922607421875,14964924416,11811160064,11697422336,184983552
199,1740619063879,787.2392578125,1400,2,0.8625,8800.127639770508,1400,1400,1400,1400,1400,1400,1400,1400,59.68558883666992,87.39520263671875,78.60657501220703,62.601280212402344,66.93609619140625,68.96895599365234,11.719215393066406,9.811370849609375,14964924416,11811160064,11700420608,193740800
