Delta,Time,CORE0_ENERGY (J),CORE0_FREQ (MHZ),CORE0_PSTATE,CORE0_VOLT (V),CPU_ENERGY (J),CPU_FREQUENCY_0,CPU_FREQUENCY_1,CPU_FREQUENCY_2,CPU_FREQUENCY_3,CPU_FREQUENCY_4,CPU_FREQUENCY_5,CPU_FREQUENCY_6,CPU_FREQUENCY_7,CPU_USAGE_0,CPU_USAGE_1,CPU_USAGE_2,CPU_USAGE_3,CPU_USAGE_4,CPU_USAGE_5,CPU_USAGE_6,CPU_USAGE_7,TOTAL_MEMORY,TOTAL_SWAP,USED_MEMORY,USED_SWAP
0,1740620049458,1010.8717956542969,1400,2,0.85625,11478.015609741211,1400,1400,1400,1400,1400,1400,1400,1400,97.75196075439453,95.9710693359375,96.09334564208984,98.09870147705078,98.05824279785156,97.82825469970703,97.07904052734375,95.11030578613281,14964924416,11811160064,11660791808,217145344
197,1740620049461,523.7559356689453,1400,2,0.85625,11478.094772338867,1400,1400,1400,1400,1400,1400,1400,1400,96.5162582397461,97.21311950683594,87.6937255859375,100,97.7780990600586,91.85475158691406,99.05722045898438,98.36726379394531,14964924416,11811160064,11662598144,217145344
196,1740620049663,1010.9520416259766,1400,2,0.85625,11478.931610107422,1400,1400,1400,1400,1400,1400,1400,1400,76.87864685058594,67.7796630859375,82.19960021972656,73.45034790039063,60.164955139160156,76.5401840209961,72.9872817993164,62.81096267700195,14964924416,11811160064,11668901888,251142144
199,1740620049859,987.5802612304688,1400,2,0.85625,11479.685684204102,1400,1400,1400,1400,1400,1400,1400,1400,82.66999053955078,49.45420837402344,88.72412109375,83.2506103515625,60.38022994995117,68.70314025878906,69.35093688964844,84.46504211425781,14964924416,11811160064,11679559680,242900992
