Delta,Time,CORE0_ENERGY (J),CORE0_FREQ (MHZ),CORE0_PSTATE,CORE0_VOLT (V),CPU_ENERGY (J),CPU_FREQUENCY_0,CPU_FREQUENCY_1,CPU_FREQUENCY_2,CPU_FREQUENCY_3,CPU_FREQUENCY_4,CPU_FREQUENCY_5,CPU_FREQUENCY_6,CPU_FREQUENCY_7,CPU_USAGE_0,CPU_USAGE_1,CPU_USAGE_2,CPU_USAGE_3,CPU_USAGE_4,CPU_USAGE_5,CPU_USAGE_6,CPU_USAGE_7,TOTAL_MEMORY,TOTAL_SWAP,USED_MEMORY,USED_SWAP
0,1740629120884,3430.634292602539,1400,2,0.8625,39280.359619140625,1400,1400,1400,1400,1400,1400,1400,1400,47.430660247802734,53.836708068847656,83.63526916503906,43.470619201660156,78.06684875488281,32.81256866455078,44.94497299194336,46.80002212524414,14964924416,11811160064,11924422656,275042304
199,1740629120885,3430.637176513672,1400,2,0.8625,39280.394760131836,1400,1400,1400,1400,1400,1400,1400,1400,98.71133422851563,28.117843627929688,50.963172912597656,100,41.422664642333984,35.80327606201172,23.485862731933594,77.77143859863281,14964924416,11811160064,11924115456,275582976
196,1740629121088,1894.414779663086,1400,2,0.8625,39281.10855102539,1400,1400,1400,1400,1400,1400,1400,1400,55.46128463745117,54.32163619995117,76.485595703125,47.400386810302734,61.33273696899414,47.25979232788086,58.087303161621094,45.86066436767578,14964924416,11811160064,11925700608,306700288
199,1740629121285,1894.4544372558594,1400,2,0.8625,39281.75793457031,1400,1400,1400,1400,1400,1400,1400,1400,45.93570327758789,31.10797119140625,59.62704849243164,40.66355895996094,33.90856170654297,64.98171997070313,44.54951477050781,35.75738525390625,14964924416,11811160064,11933454336,318287872
