Delta,Time,CORE0_ENERGY (J),CORE0_FREQ (MHZ),CORE0_PSTATE,CORE0_VOLT (V),CPU_ENERGY (J),CPU_FREQUENCY_0,CPU_FREQUENCY_1,CPU_FREQUENCY_2,CPU_FREQUENCY_3,CPU_FREQUENCY_4,CPU_FREQUENCY_5,CPU_FREQUENCY_6,CPU_FREQUENCY_7,CPU_USAGE_0,CPU_USAGE_1,CPU_USAGE_2,CPU_USAGE_3,CPU_USAGE_4,CPU_USAGE_5,CPU_USAGE_6,CPU_USAGE_7,TOTAL_MEMORY,TOTAL_SWAP,USED_MEMORY,USED_SWAP
0,1740621341615,1290.0908966064453,1400,2,1.28125,15028.132720947266,1400,1400,1400,1400,1400,1400,1400,1400,73.22023010253906,60.55642318725586,76.8524169921875,59.262821197509766,70.20411682128906,59.89820861816406,62.91569900512695,65.3994369506836,14964924416,11811160064,11528146944,57376768
199,1740621341617,1259.6434020996094,1400,2,1.28125,15028.198181152344,1400,1400,1400,1400,1400,1400,1400,1400,95.18534088134766,97.7214584350586,98.75261688232422,99.33753967285156,97.08226013183594,99.7096939086914,86.29170227050781,87.63815307617188,14964924416,11811160064,11528675328,57360384
196,1740621341820,1259.7037048339844,1400,2,1.28125,15028.960388183594,1400,1400,1400,1400,1400,1400,1400,1400,68.38948822021484,52.36250686645508,84.28961181640625,45.93949508666992,56.11088943481445,50.72276306152344,61.430667877197266,60.67216110229492,14964924416,11811160064,11519995904,70131712
200,1740621342017,1290.2171478271484,1400,2,1.28125,15029.658828735352,1400,1400,1400,1400,1400,1400,1400,1400,47.682228088378906,78.00736999511719,68.91987609863281,34.75061798095703,48.59036636352539,38.36723327636719,50.65058898925781,48.41905975341797,14964924416,11811160064,11521916928,76738560
199,1740621342217,623.9054718017578,1400,2,1.28125,15030.347229003906,1400,1400,1400,1400,1400,1400,1400,1400,45.22331237792969,59.46155548095703,66.01197052001953,35.70026397705078,44.70287322998047,40.63063430786133,52.22618865966797,64.02406311035156,14964924416,11811160064,11529646080,91791360
