Delta,Time,CORE0_ENERGY (J),CORE0_FREQ (MHZ),CORE0_PSTATE,CORE0_VOLT (V),CPU_ENERGY (J),CPU_FREQUENCY_0,CPU_FREQUENCY_1,CPU_FREQUENCY_2,CPU_FREQUENCY_3,CPU_FREQUENCY_4,CPU_FREQUENCY_5,CPU_FREQUENCY_6,CPU_FREQUENCY_7,CPU_USAGE_0,CPU_USAGE_1,CPU_USAGE_2,CPU_USAGE_3,CPU_USAGE_4,CPU_USAGE_5,CPU_USAGE_6,CPU_USAGE_7,TOTAL_MEMORY,TOTAL_SWAP,USED_MEMORY,USED_SWAP
0,1740622566817,1535.408187866211,1400,2,0.70625,18532.592834472656,1400,1400,1400,1400,1400,1400,1400,1400,77.20221710205078,57.418033599853516,60.64910888671875,58.91743850708008,2.8305816650390625,0,0,0,14964924416,11811160064,11719901184,145866752
198,1740622566819,1574.6375274658203,1400,2,0.70625,18532.63230895996,1400,1400,1400,1400,1400,1400,1400,1400,54.369998931884766,54.43461608886719,90.92538452148438,98.78768920898438,1.5661544799804688,0.94000244140625,1.1353836059570313,1.1369247436523438,14964924416,11811160064,11719974912,146944000
196,1740622567022,1535.4828643798828,1400,2,0.70625,18533.287384033203,1400,1400,1400,1400,1400,1400,1400,1400,75.19055938720703,60.66527557373047,74.24874114990234,66.88597106933594,27.64630126953125,19.169281005859375,0,0,14964924416,11811160064,11719176192,173428736
199,1740622567218,1535.5453643798828,1400,2,0.70625,18533.919189453125,1400,1400,1400,1400,1400,1400,1400,1400,83.76875305175781,67.83970642089844,86.62734985351563,84.23908996582031,77.30014038085938,76.03389739990234,22.822494506835938,11.164237976074219,14964924416,11811160064,11745996800,203923456
