Delta,Time,CORE0_ENERGY (J),CORE0_FREQ (MHZ),CORE0_PSTATE,CORE0_VOLT (V),CPU_ENERGY (J),CPU_FREQUENCY_0,CPU_FREQUENCY_1,CPU_FREQUENCY_2,CPU_FREQUENCY_3,CPU_FREQUENCY_4,CPU_FREQUENCY_5,CPU_FREQUENCY_6,CPU_FREQUENCY_7,CPU_USAGE_0,CPU_USAGE_1,CPU_USAGE_2,CPU_USAGE_3,CPU_USAGE_4,CPU_USAGE_5,CPU_USAGE_6,CPU_USAGE_7,TOTAL_MEMORY,TOTAL_SWAP,USED_MEMORY,USED_SWAP
0,1740623253168,829.2012176513672,1400,2,0.7125,20511.894470214844,1400,1400,1400,1400,1400,1400,1400,1400,37.384246826171875,45.737037658691406,66.08036804199219,43.01652145385742,74.59030151367188,20.101821899414063,29.09215545654297,42.21156311035156,14964924416,11811160064,11731894272,142090240
199,1740623253169,1695.5937194824219,1400,2,0.7125,20511.9298248291,1400,1400,1400,1400,1400,1400,1400,1400,81.21990966796875,0,0,0,100,0,0,96.85096740722656,14964924416,11811160064,11731968000,141570048
